"Item","Category"
"Photos","Graphics Design"
"https://www.nga.gov/open-access-images.html","Graphics Design"
"https://99designs.com/blog/resources/public-domain-image-resources/","Graphics Design"
"Photoshop","Graphics Design"
"Sparkarstudio augmented reality desiner","Graphics Design"
"Remover.zmi.ai","Graphics Design"
"Ai upscaler - https://colab.research.google.com/drive/19euI_7GAgbvMoZsuPj9SZseDeuFnwBj8","Graphics Design"
"Graphics Design","Graphics Design"
"Stable Diffusion - ai drawer","Graphics Design"
"Dalle-E2","Graphics Design"
"Midjourney","Graphics Design"
"Undraw","Graphics Design"
"Haikei.app-design website","Graphics Design"
"Thenounproject.com","Graphics Design"
"Onfire.craftwork.design free graphics","Graphics Design"
"Canva","Graphics Design"
"Nvidia canvas","Graphics Design"
"Nomad sculpt","Graphics Design"
"Remove.bg","Graphics Design"
"Huemint","Graphics Design"
"Gradient generator","Graphics Design"
"Humaaans.com","Graphics Design"
"Icons8","Graphics Design"
"Blush","Graphics Design"
"Pixeltrue","Graphics Design"
"Drawkit","Graphics Design"
"PNG to vector converter","Graphics Design"
"Unblast","Graphics Design"
"Media modifier","Graphics Design"
"Mockupsjar","Graphics Design"
"Graphicburger","Graphics Design"
"Mockupworld","Graphics Design"
"Design patterns for humans github","Graphics Design"
"Crypto","Crypto"
"Evmos","Crypto"
"Traditional investments or money management","Traditional investments or money management"
"Unusualwhales.com","Traditional investments or money management"
"Blankyfinance","Traditional investments or money management"
"Verde","Traditional investments or money management"
"10 yen vending machine","Traditional investments or money management"
"Music or sounds","Music or sounds"
"Voice123 - voice over","Music or sounds"
"Scribble.audio","Music or sounds"
"Jukebox ai","Music or sounds"
"Aiva","Music or sounds"
"Soundpiece.co","Music or sounds"
"Audioshake.ai - song splitter","Music or sounds"
"Video","Video"
"Jitter.video - Canva for video","Video"
"DAIN - video smoothing","Video"
"Spline app","Video"
"Coding","Coding"
"Flutterflow.io","Coding"
"Softr.io","Coding"
"Flutter flow github fluttermetgala","Coding"
"Noloco.io-no code app","Coding"
"Levity.ai - no code machine learning","Coding"
"Airtables - database","Coding"
"Chewyai.com","Coding"
"Bubble.io","Coding"
"Glideapps no code builder","Coding"
"You.com/code - website builder","Coding"
"Checklist.design","Coding"
"Sizze no code app maker","Coding"
"Free programming books github","Coding"
"Coding interview university","Coding"
"Python draw function","Coding"
"App.ideas github","Coding"
"Visualsbyimpulse-notificaton creator","Coding"
"Flutterflow io","Coding"
"Unminify - code cleaner","Coding"
"Mintlify - documentation autogenerated","Coding"
"Home automation","Home automation"
"Task Automation","Task Automation"
"Zapier","Task Automation"
"Apps or Websites","Apps or Websites"
"https://viralpostgenerator.com","Apps or Websites"
"Autodraw.io","Apps or Websites"
"Writesonic com","Apps or Websites"
"Tinywow.com","Apps or Websites"
